10.643977310643978,56.01904487609863,1244.0,957.0,6790.0,1.0,1.0,1.0,1.0,1.0,1.0,1.0,nan,0.09819639278557114,0.075,0.09418837675350701,0.168,0.143,0.062062062062062065,0.0841683366733467,0.12212212212212212,0.1111111111111111
9.053497942386832,65.9102873802185,2301.0,814.0,5876.0,1.0,1.0,1.0,1.0,1.0,1.0,1.0,nan,0.09318637274549098,0.145,0.03707414829659319,0.091,0.096,0.013013013013013013,0.11322645290581163,0.11411411411411411,0.11211211211211211
9.80980980980981,73.09801197052002,1938.0,882.0,6171.0,1.0,1.0,1.0,1.0,1.0,1.0,1.0,nan,0.09519038076152304,0.055,0.06012024048096192,0.18,0.123,0.037037037037037035,0.10320641282565131,0.12112112112112113,0.10810810810810811
10.354799243688133,67.24288988113403,1455.0,931.0,6605.0,1.0,1.0,1.0,1.0,1.0,1.0,1.0,nan,0.09719438877755511,0.118,0.08917835671342686,0.102,0.094,0.07407407407407407,0.12124248496993988,0.12312312312312312,0.11311311311311312
10.243576910243577,71.43912029266357,1498.0,921.0,6572.0,1.0,1.0,1.0,1.0,1.0,1.0,1.0,nan,0.09719438877755511,0.121,0.08316633266533066,0.134,0.103,0.03803803803803804,0.11022044088176353,0.12112112112112113,0.11411411411411411
10.31031031031031,75.23610401153564,1527.0,927.0,6537.0,1.0,1.0,1.0,1.0,1.0,1.0,1.0,nan,0.09819639278557114,0.084,0.0841683366733467,0.134,0.098,0.07807807807807808,0.11923847695390781,0.12412412412412413,0.10810810810810811
10.543877210543878,69.68255519866943,1160.0,948.0,6883.0,1.0,1.0,1.0,1.0,1.0,1.0,1.0,nan,0.09719438877755511,0.113,0.09118236472945891,0.132,0.108,0.06906906906906907,0.10120240480961924,0.12412412412412413,0.11311311311311312
10.6884662440218,73.57187032699585,1140.0,961.0,6890.0,1.0,1.0,1.0,1.0,1.0,1.0,1.0,nan,0.09719438877755511,0.075,0.09519038076152304,0.12,0.121,0.11411411411411411,0.09819639278557114,0.12812812812812813,0.11311311311311312
10.521632743854965,71.42359972000122,1275.0,946.0,6770.0,1.0,1.0,1.0,1.0,1.0,1.0,1.0,nan,0.09719438877755511,0.084,0.09318637274549098,0.144,0.106,0.08108108108108109,0.10120240480961924,0.12712712712712712,0.11311311311311312
10.566121677232788,71.73708391189575,1055.0,950.0,6986.0,1.0,1.0,1.0,1.0,1.0,1.0,1.0,nan,0.09719438877755511,0.089,0.09318637274549098,0.117,0.103,0.1111111111111111,0.09819639278557114,0.12812812812812813,0.11411411411411411
9.698587476365255,77.7594256401062,1886.0,872.0,6233.0,1.0,1.0,1.0,1.0,1.0,1.0,1.0,nan,0.09619238476953908,0.094,0.0811623246492986,0.12,0.109,0.04604604604604605,0.09819639278557114,0.11311311311311312,0.11511511511511512
10.121232343454565,78.48775720596313,1558.0,910.0,6523.0,1.0,1.0,1.0,1.0,1.0,1.0,1.0,nan,0.09619238476953908,0.071,0.08517034068136273,0.146,0.108,0.07607607607607608,0.10320641282565131,0.12112112112112113,0.1041041041041041
9.754198643087532,79.02345991134644,1771.0,877.0,6343.0,1.0,1.0,1.0,1.0,1.0,1.0,1.0,nan,0.09418837675350701,0.098,0.07114228456913828,0.093,0.099,0.07607607607607608,0.11122244488977956,0.12312312312312312,0.11211211211211211
5.260816371927483,90.27989673614502,5203.0,473.0,3315.0,1.0,1.0,1.0,1.0,1.0,1.0,1.0,nan,0.056112224448897796,0.038,0.013026052104208416,0.064,0.065,0.01901901901901902,0.05811623246492986,0.06406406406406406,0.0960960960960961
5.082860638416194,95.43098545074463,5317.0,457.0,3217.0,1.0,1.0,1.0,1.0,1.0,1.0,1.0,nan,0.05711422845691383,0.051,0.006012024048096192,0.056,0.064,0.02002002002002002,0.04408817635270541,0.06806806806806807,0.09109109109109109
3.3477922366811255,102.1415376663208,6528.0,301.0,2162.0,1.0,1.0,1.0,1.0,1.0,1.0,1.0,nan,0.01903807615230461,0.03,0.003006012024048096,0.033,0.048,0.01701701701701702,0.021042084168336674,0.04804804804804805,0.08208208208208208
5.772439105772439,93.8436508178711,4840.0,519.0,3632.0,1.0,1.0,1.0,1.0,1.0,1.0,1.0,nan,0.06212424849699399,0.039,0.00501002004008016,0.073,0.083,0.04904904904904905,0.045090180360721446,0.07107107107107107,0.0920920920920921
3.8149260371482594,107.64230918884277,6242.0,343.0,2406.0,1.0,1.0,1.0,1.0,1.0,1.0,1.0,nan,0.045090180360721446,0.026,0.001002004008016032,0.039,0.052,0.015015015015015015,0.04208416833667335,0.03903903903903904,0.08408408408408409
4.126348570793016,103.88487339019775,5924.0,371.0,2696.0,1.0,1.0,1.0,1.0,1.0,1.0,1.0,nan,0.04308617234468938,0.038,0.003006012024048096,0.039,0.055,0.01901901901901902,0.022044088176352707,0.057057057057057055,0.09509509509509509
2.6804582360137914,108.22067642211914,7021.0,241.0,1729.0,1.0,1.0,1.0,1.0,1.0,1.0,1.0,nan,0.02004008016032064,0.019,0.001002004008016032,0.027,0.033,0.013013013013013013,0.011022044088176353,0.04504504504504504,0.07207207207207207
3.8927816705594482,101.93714809417725,6151.0,350.0,2490.0,1.0,1.0,1.0,1.0,1.0,1.0,1.0,nan,0.045090180360721446,0.03,0.001002004008016032,0.044,0.049,0.02702702702702703,0.006012024048096192,0.05905905905905906,0.0890890890890891
5.071738405071739,99.37113285064697,5337.0,456.0,3198.0,1.0,1.0,1.0,1.0,1.0,1.0,1.0,nan,0.05811623246492986,0.038,0.004008016032064128,0.056,0.061,0.03803803803803804,0.04408817635270541,0.062062062062062065,0.09509509509509509
5.082860638416194,101.17029857635498,5338.0,457.0,3196.0,1.0,1.0,1.0,1.0,1.0,1.0,1.0,nan,0.05410821643286573,0.033,0.0070140280561122245,0.065,0.081,0.024024024024024024,0.03206412825651302,0.06806806806806807,0.09309309309309309
3.392281170058948,110.52154731750488,6540.0,305.0,2146.0,1.0,1.0,1.0,1.0,1.0,1.0,1.0,nan,0.01603206412825651,0.033,0.001002004008016032,0.038,0.047,0.013013013013013013,0.025050100200400802,0.05005005005005005,0.08208208208208208
3.33667000333667,109.79837131500244,6626.0,300.0,2065.0,1.0,1.0,1.0,1.0,1.0,1.0,1.0,nan,0.014028056112224449,0.027,0.001002004008016032,0.042,0.057,0.015015015015015015,0.0070140280561122245,0.056056056056056056,0.08108108108108109
1.0899788677566455,125.08969020843506,8193.0,98.0,700.0,1.0,1.0,1.0,1.0,1.0,1.0,1.0,nan,0.0,0.006,0.0,0.01,0.009,0.002002002002002002,0.001002004008016032,0.03203203203203203,0.03803803803803804
1.07885663441219,129.56104946136475,8236.0,97.0,658.0,1.0,1.0,1.0,1.0,1.0,1.0,1.0,nan,0.001002004008016032,0.004,0.0,0.009,0.008,0.003003003003003003,0.001002004008016032,0.031031031031031032,0.04004004004004004
1.1900789678567456,134.13773918151855,8123.0,107.0,761.0,1.0,1.0,1.0,1.0,1.0,1.0,1.0,nan,0.0,0.006,0.0,0.019,0.01,0.001001001001001001,0.001002004008016032,0.028028028028028028,0.042042042042042045
0.8675342008675342,138.49914455413818,8357.0,78.0,556.0,1.0,1.0,1.0,1.0,1.0,1.0,1.0,nan,0.0,0.005,0.0,0.004,0.01,0.002002002002002002,0.0,0.025025025025025027,0.03203203203203203
1.2901790679568457,136.80690002441406,8084.0,116.0,791.0,1.0,1.0,1.0,1.0,1.0,1.0,1.0,nan,0.0,0.002,0.0,0.01,0.024,0.002002002002002002,0.001002004008016032,0.03203203203203203,0.04504504504504504
1.2012012012012012,132.4155035018921,8119.0,108.0,764.0,1.0,1.0,1.0,1.0,1.0,1.0,1.0,nan,0.0,0.004,0.0,0.017,0.011,0.006006006006006006,0.001002004008016032,0.03003003003003003,0.03903903903903904
1.8685352018685353,125.31625270843506,7625.0,168.0,1198.0,1.0,1.0,1.0,1.0,1.0,1.0,1.0,nan,0.008016032064128256,0.018,0.001002004008016032,0.023,0.013,0.01001001001001001,0.001002004008016032,0.03303303303303303,0.06106106106106106
0.7674341007674341,145.0276756286621,8428.0,69.0,494.0,1.0,1.0,1.0,1.0,1.0,1.0,1.0,nan,0.0,0.002,0.0,0.002,0.008,0.001001001001001001,0.001002004008016032,0.024024024024024024,0.031031031031031032
1.6794572350127905,133.39387226104736,7808.0,151.0,1032.0,1.0,1.0,1.0,1.0,1.0,1.0,1.0,nan,0.0,0.006,0.0,0.02,0.02,0.006006006006006006,0.002004008016032064,0.03403403403403404,0.06306306306306306
2.05761316872428,125.00503063201904,7632.0,185.0,1174.0,1.0,1.0,1.0,1.0,1.0,1.0,1.0,nan,0.0070140280561122245,0.016,0.0,0.019,0.029,0.008008008008008008,0.003006012024048096,0.03803803803803804,0.06506506506506507
1.5459904348793239,131.98584938049316,7910.0,139.0,942.0,1.0,1.0,1.0,1.0,1.0,1.0,1.0,nan,0.006012024048096192,0.005,0.001002004008016032,0.013,0.027,0.004004004004004004,0.001002004008016032,0.03303303303303303,0.04904904904904905
0.9009009009009009,141.5919303894043,8328.0,81.0,582.0,1.0,1.0,1.0,1.0,1.0,1.0,1.0,nan,0.0,0.004,0.0,0.002,0.01,0.003003003003003003,0.001002004008016032,0.026026026026026026,0.035035035035035036
0.7118229340451563,146.70466327667236,8470.0,64.0,457.0,1.0,1.0,1.0,1.0,1.0,1.0,1.0,nan,0.0,0.002,0.0,0.002,0.008,0.002002002002002002,0.0,0.02702702702702703,0.023023023023023025
1.2234456678901124,136.53192520141602,8095.0,110.0,786.0,1.0,1.0,1.0,1.0,1.0,1.0,1.0,nan,0.0,0.003,0.0,0.011,0.015,0.003003003003003003,0.001002004008016032,0.028028028028028028,0.04904904904904905
1.156712267823379,137.53120803833008,8108.0,104.0,779.0,1.0,1.0,1.0,1.0,1.0,1.0,1.0,nan,0.0,0.003,0.0,0.009,0.015,0.007007007007007007,0.001002004008016032,0.03003003003003003,0.03903903903903904
1.3457902346791235,137.14118766784668,7977.0,121.0,893.0,1.0,1.0,1.0,1.0,1.0,1.0,1.0,nan,0.001002004008016032,0.003,0.0,0.01,0.016,0.005005005005005005,0.001002004008016032,0.03403403403403404,0.05105105105105105
0.823045267489712,143.87744235992432,8402.0,74.0,515.0,1.0,1.0,1.0,1.0,1.0,1.0,1.0,nan,0.0,0.002,0.0,0.003,0.009,0.005005005005005005,0.001002004008016032,0.021021021021021023,0.03303303303303303
0.6784562340117896,153.95850467681885,8473.0,61.0,457.0,1.0,1.0,1.0,1.0,1.0,1.0,1.0,nan,0.0,0.002,0.0,0.008,0.007,0.001001001001001001,0.001002004008016032,0.01901901901901902,0.023023023023023025
0.9453898342787231,147.89881324768066,8301.0,85.0,605.0,1.0,1.0,1.0,1.0,1.0,1.0,1.0,nan,0.0,0.003,0.0,0.007,0.008,0.003003003003003003,0.001002004008016032,0.03003003003003003,0.03303303303303303
1.1678345011678346,147.52199459075928,8198.0,105.0,688.0,1.0,1.0,1.0,1.0,1.0,1.0,1.0,nan,0.0,0.003,0.0,0.007,0.017,0.001001001001001001,0.001002004008016032,0.03003003003003003,0.04604604604604605
0.7563118674229785,152.259370803833,8437.0,68.0,486.0,1.0,1.0,1.0,1.0,1.0,1.0,1.0,nan,0.0,0.003,0.0,0.004,0.009,0.001001001001001001,0.001002004008016032,0.025025025025025027,0.025025025025025027
0.5561116672227784,158.34610748291016,8581.0,50.0,360.0,1.0,1.0,1.0,1.0,1.0,1.0,1.0,nan,0.0,0.003,0.0,0.004,0.005,0.001001001001001001,0.0,0.018018018018018018,0.01901901901901902
0.5672339005672339,161.97426509857178,8557.0,51.0,383.0,1.0,1.0,1.0,1.0,1.0,1.0,1.0,nan,0.0,0.002,0.0,0.002,0.006,0.001001001001001001,0.0,0.01701701701701702,0.023023023023023025
0.9342676009342676,152.87926197052002,8348.0,84.0,559.0,1.0,1.0,1.0,1.0,1.0,1.0,1.0,nan,0.0,0.002,0.0,0.007,0.007,0.001001001001001001,0.001002004008016032,0.02902902902902903,0.037037037037037035
0.8341675008341675,149.4811086654663,8373.0,75.0,543.0,1.0,1.0,1.0,1.0,1.0,1.0,1.0,nan,0.0,0.002,0.0,0.005,0.007,0.001001001001001001,0.001002004008016032,0.03003003003003003,0.02902902902902903
1.2345679012345678,142.2462673187256,8080.0,111.0,800.0,1.0,1.0,1.0,1.0,1.0,1.0,1.0,nan,0.0,0.004,0.0,0.012,0.011,0.003003003003003003,0.001002004008016032,0.03203203203203203,0.04804804804804805
0.7229451673896118,151.7543430328369,8462.0,65.0,464.0,1.0,1.0,1.0,1.0,1.0,1.0,1.0,nan,0.0,0.001,0.0,0.007,0.009,0.001001001001001001,0.001002004008016032,0.024024024024024024,0.022022022022022022
0.8675342008675342,148.60495567321777,8363.0,78.0,550.0,1.0,1.0,1.0,1.0,1.0,1.0,1.0,nan,0.0,0.003,0.0,0.004,0.009,0.001001001001001001,0.001002004008016032,0.03003003003003003,0.03003003003003003
1.3013013013013013,140.99947834014893,8060.0,117.0,814.0,1.0,1.0,1.0,1.0,1.0,1.0,1.0,nan,0.0,0.003,0.001002004008016032,0.013,0.017,0.002002002002002002,0.001002004008016032,0.03403403403403404,0.04604604604604605
1.3457902346791235,144.0270299911499,8020.0,121.0,850.0,1.0,1.0,1.0,1.0,1.0,1.0,1.0,nan,0.0,0.004,0.0,0.011,0.016,0.005005005005005005,0.001002004008016032,0.03403403403403404,0.05005005005005005
1.3791569347124903,142.34154796600342,8002.0,124.0,865.0,1.0,1.0,1.0,1.0,1.0,1.0,1.0,nan,0.0,0.004,0.0,0.02,0.014,0.003003003003003003,0.001002004008016032,0.03303303303303303,0.04904904904904905
0.9342676009342676,147.12349128723145,8318.0,84.0,589.0,1.0,1.0,1.0,1.0,1.0,1.0,1.0,nan,0.0,0.003,0.0,0.005,0.009,0.002002002002002002,0.001002004008016032,0.026026026026026026,0.03803803803803804
0.5338672005338672,159.240797996521,8591.0,48.0,352.0,1.0,1.0,1.0,1.0,1.0,1.0,1.0,nan,0.0,0.003,0.0,0.002,0.005,0.001001001001001001,0.001002004008016032,0.01701701701701702,0.01901901901901902
0.8786564342119898,152.72898292541504,8343.0,79.0,569.0,1.0,1.0,1.0,1.0,1.0,1.0,1.0,nan,0.0,0.003,0.001002004008016032,0.006,0.01,0.003003003003003003,0.001002004008016032,0.02702702702702703,0.028028028028028028
1.07885663441219,150.07999801635742,8208.0,97.0,686.0,1.0,1.0,1.0,1.0,1.0,1.0,1.0,nan,0.0,0.004,0.0,0.006,0.01,0.002002002002002002,0.001002004008016032,0.03203203203203203,0.042042042042042045
0.4671338004671338,169.03827476501465,8651.0,42.0,298.0,1.0,1.0,1.0,1.0,1.0,1.0,1.0,nan,0.0,0.002,0.0,0.002,0.005,0.001001001001001001,0.0,0.015015015015015015,0.01701701701701702
0.823045267489712,157.35214614868164,8394.0,74.0,523.0,1.0,1.0,1.0,1.0,1.0,1.0,1.0,nan,0.0,0.003,0.0,0.004,0.008,0.001001001001001001,0.001002004008016032,0.02702702702702703,0.03003003003003003
0.7229451673896118,161.97034740447998,8477.0,65.0,449.0,1.0,1.0,1.0,1.0,1.0,1.0,1.0,nan,0.0,0.003,0.0,0.004,0.008,0.002002002002002002,0.001002004008016032,0.021021021021021023,0.026026026026026026
0.6117228339450562,163.22906303405762,8561.0,55.0,375.0,1.0,1.0,1.0,1.0,1.0,1.0,1.0,nan,0.0,0.001,0.0,0.002,0.008,0.0,0.0,0.018018018018018018,0.026026026026026026
1.0677344010677343,156.59867763519287,8182.0,96.0,713.0,1.0,1.0,1.0,1.0,1.0,1.0,1.0,nan,0.0,0.003,0.0,0.009,0.012,0.001001001001001001,0.001002004008016032,0.03203203203203203,0.03803803803803804
0.9453898342787231,155.29703998565674,8311.0,85.0,595.0,1.0,1.0,1.0,1.0,1.0,1.0,1.0,nan,0.0,0.003,0.001002004008016032,0.004,0.009,0.001001001001001001,0.001002004008016032,0.02902902902902903,0.037037037037037035
1.1233455677900122,151.63955879211426,8190.0,101.0,700.0,1.0,1.0,1.0,1.0,1.0,1.0,1.0,nan,0.0,0.002,0.0,0.012,0.01,0.003003003003003003,0.001002004008016032,0.03203203203203203,0.04104104104104104
0.255811366922478,181.6519718170166,8800.0,23.0,168.0,1.0,1.0,1.0,1.0,1.0,1.0,1.0,nan,0.0,0.001,0.0,0.001,0.003,0.0,0.0,0.011011011011011011,0.007007007007007007
0.511622733844956,174.8118381500244,8635.0,46.0,310.0,1.0,1.0,1.0,1.0,1.0,1.0,1.0,nan,0.0,0.001,0.0,0.002,0.006,0.0,0.0,0.01901901901901902,0.018018018018018018
0.8119230341452564,165.74549293518066,8383.0,73.0,535.0,1.0,1.0,1.0,1.0,1.0,1.0,1.0,nan,0.0,0.002,0.0,0.006,0.008,0.004004004004004004,0.001002004008016032,0.023023023023023025,0.02902902902902903
0.6228450672895117,169.93599700927734,8553.0,56.0,382.0,1.0,1.0,1.0,1.0,1.0,1.0,1.0,nan,0.0,0.003,0.0,0.003,0.007,0.001001001001001001,0.0,0.022022022022022022,0.02002002002002002
0.44488933377822265,173.86776161193848,8661.0,40.0,290.0,1.0,1.0,1.0,1.0,1.0,1.0,1.0,nan,0.0,0.002,0.0,0.002,0.004,0.001001001001001001,0.0,0.015015015015015015,0.016016016016016016
0.48937826715604493,172.0194091796875,8630.0,44.0,317.0,1.0,1.0,1.0,1.0,1.0,1.0,1.0,nan,0.0,0.0,0.0,0.002,0.003,0.0,0.0,0.01701701701701702,0.022022022022022022
0.7229451673896118,173.06724739074707,8456.0,65.0,470.0,1.0,1.0,1.0,1.0,1.0,1.0,1.0,nan,0.0,0.003,0.0,0.002,0.008,0.001001001001001001,0.001002004008016032,0.021021021021021023,0.02902902902902903
0.823045267489712,167.2939338684082,8403.0,74.0,514.0,1.0,1.0,1.0,1.0,1.0,1.0,1.0,nan,0.0,0.003,0.0,0.004,0.008,0.001001001001001001,0.001002004008016032,0.026026026026026026,0.031031031031031032
0.5561116672227784,171.63105583190918,8601.0,50.0,340.0,1.0,1.0,1.0,1.0,1.0,1.0,1.0,nan,0.0,0.002,0.0,0.002,0.004,0.001001001001001001,0.0,0.02002002002002002,0.021021021021021023
0.5227449671894117,176.32009887695312,8609.0,47.0,335.0,1.0,1.0,1.0,1.0,1.0,1.0,1.0,nan,0.0,0.002,0.0,0.002,0.003,0.001001001001001001,0.0,0.01901901901901902,0.02002002002002002
0.4671338004671338,178.84737968444824,8619.0,42.0,330.0,1.0,1.0,1.0,1.0,1.0,1.0,1.0,nan,0.0,0.002,0.0,0.003,0.004,0.0,0.0,0.013013013013013013,0.02002002002002002
0.2780558336113892,186.37122344970703,8767.0,25.0,199.0,1.0,1.0,1.0,1.0,1.0,1.0,1.0,nan,0.0,0.0,0.0,0.001,0.003,0.0,0.0,0.011011011011011011,0.01001001001001001
0.4560115671226782,176.40248680114746,8643.0,41.0,307.0,1.0,1.0,1.0,1.0,1.0,1.0,1.0,nan,0.0,0.001,0.0,0.002,0.004,0.001001001001001001,0.0,0.014014014014014014,0.01901901901901902
0.5338672005338672,177.67855644226074,8630.0,48.0,313.0,1.0,1.0,1.0,1.0,1.0,1.0,1.0,nan,0.0,0.003,0.0,0.002,0.003,0.001001001001001001,0.0,0.02002002002002002,0.01901901901901902
0.6117228339450562,170.31534385681152,8540.0,55.0,396.0,1.0,1.0,1.0,1.0,1.0,1.0,1.0,nan,0.0,0.002,0.0,0.003,0.004,0.001001001001001001,0.0,0.02002002002002002,0.025025025025025027
0.5227449671894117,179.10725212097168,8635.0,47.0,309.0,1.0,1.0,1.0,1.0,1.0,1.0,1.0,nan,0.0,0.003,0.0,0.004,0.003,0.001001001001001001,0.0,0.015015015015015015,0.021021021021021023
0.5783561339116895,180.20238494873047,8568.0,52.0,371.0,1.0,1.0,1.0,1.0,1.0,1.0,1.0,nan,0.0,0.002,0.0,0.003,0.007,0.001001001001001001,0.0,0.016016016016016016,0.023023023023023025
0.42264486708931154,181.25520706176758,8672.0,38.0,281.0,1.0,1.0,1.0,1.0,1.0,1.0,1.0,nan,0.0,0.002,0.0,0.002,0.003,0.0,0.0,0.014014014014014014,0.01701701701701702
0.511622733844956,186.10732650756836,8628.0,46.0,317.0,1.0,1.0,1.0,1.0,1.0,1.0,1.0,nan,0.0,0.003,0.0,0.001,0.004,0.0,0.0,0.018018018018018018,0.02002002002002002
0.6784562340117896,174.79568099975586,8500.0,61.0,430.0,1.0,1.0,1.0,1.0,1.0,1.0,1.0,nan,0.0,0.002,0.0,0.004,0.005,0.001001001001001001,0.0,0.025025025025025027,0.024024024024024024
0.8341675008341675,171.9251708984375,8351.0,75.0,565.0,1.0,1.0,1.0,1.0,1.0,1.0,1.0,nan,0.0,0.002,0.0,0.008,0.008,0.001001001001001001,0.0,0.028028028028028028,0.028028028028028028
0.745189634078523,172.14766883850098,8439.0,67.0,485.0,1.0,1.0,1.0,1.0,1.0,1.0,1.0,nan,0.0,0.003,0.0,0.002,0.006,0.002002002002002002,0.0,0.024024024024024024,0.03003003003003003
0.8452897341786231,171.3522834777832,8420.0,76.0,495.0,1.0,1.0,1.0,1.0,1.0,1.0,1.0,nan,0.0,0.003,0.0,0.006,0.008,0.001001001001001001,0.001002004008016032,0.03003003003003003,0.02702702702702703
0.9787565343120899,165.30409240722656,8318.0,88.0,585.0,1.0,1.0,1.0,1.0,1.0,1.0,1.0,nan,0.0,0.003,0.0,0.007,0.009,0.004004004004004004,0.001002004008016032,0.02902902902902903,0.035035035035035036
1.1011011011011012,166.29012298583984,8224.0,99.0,668.0,1.0,1.0,1.0,1.0,1.0,1.0,1.0,nan,0.0,0.002,0.001002004008016032,0.011,0.01,0.002002002002002002,0.001002004008016032,0.03203203203203203,0.04004004004004004
1.1344678011344678,167.1224021911621,8214.0,102.0,675.0,1.0,1.0,1.0,1.0,1.0,1.0,1.0,nan,0.0,0.003,0.0,0.01,0.01,0.003003003003003003,0.001002004008016032,0.031031031031031032,0.044044044044044044
1.0121232343454565,173.43718910217285,8312.0,91.0,588.0,1.0,1.0,1.0,1.0,1.0,1.0,1.0,nan,0.0,0.003,0.0,0.006,0.008,0.002002002002002002,0.001002004008016032,0.028028028028028028,0.043043043043043044
0.589478367256145,167.7092056274414,8568.0,53.0,370.0,1.0,1.0,1.0,1.0,1.0,1.0,1.0,nan,0.0,0.002,0.0,0.003,0.007,0.001001001001001001,0.0,0.01701701701701702,0.023023023023023025
1.0121232343454565,161.0889377593994,8271.0,91.0,629.0,1.0,1.0,1.0,1.0,1.0,1.0,1.0,nan,0.0,0.002,0.0,0.009,0.008,0.003003003003003003,0.001002004008016032,0.03003003003003003,0.03803803803803804
0.667334000667334,170.3821678161621,8526.0,60.0,405.0,1.0,1.0,1.0,1.0,1.0,1.0,1.0,nan,0.0,0.002,0.0,0.006,0.005,0.002002002002002002,0.001002004008016032,0.01901901901901902,0.025025025025025027
0.5227449671894117,182.04039192199707,8618.0,47.0,326.0,1.0,1.0,1.0,1.0,1.0,1.0,1.0,nan,0.0,0.003,0.0,0.002,0.003,0.001001001001001001,0.0,0.01701701701701702,0.021021021021021023
0.4671338004671338,183.14180946350098,8654.0,42.0,295.0,1.0,1.0,1.0,1.0,1.0,1.0,1.0,nan,0.0,0.003,0.0,0.002,0.004,0.001001001001001001,0.0,0.01001001001001001,0.022022022022022022
0.6450895339784228,180.6847381591797,8532.0,58.0,401.0,1.0,1.0,1.0,1.0,1.0,1.0,1.0,nan,0.0,0.002,0.0,0.003,0.005,0.002002002002002002,0.0,0.018018018018018018,0.028028028028028028
0.42264486708931154,186.48321151733398,8703.0,38.0,250.0,1.0,1.0,1.0,1.0,1.0,1.0,1.0,nan,0.0,0.003,0.0,0.001,0.003,0.0,0.0,0.014014014014014014,0.01701701701701702
0.411522633744856,183.1240997314453,8693.0,37.0,261.0,1.0,1.0,1.0,1.0,1.0,1.0,1.0,nan,0.0,0.003,0.0,0.002,0.004,0.001001001001001001,0.0,0.014014014014014014,0.013013013013013013
0.4560115671226782,191.67586517333984,8681.0,41.0,269.0,1.0,1.0,1.0,1.0,1.0,1.0,1.0,nan,0.0,0.002,0.0,0.002,0.004,0.0,0.0,0.013013013013013013,0.02002002002002002
0.2780558336113892,196.53225708007812,8771.0,25.0,195.0,1.0,1.0,1.0,1.0,1.0,1.0,1.0,nan,0.0,0.001,0.0,0.0,0.003,0.0,0.0,0.008008008008008008,0.013013013013013013
0.2669336002669336,188.84759902954102,8796.0,24.0,171.0,1.0,1.0,1.0,1.0,1.0,1.0,1.0,nan,0.0,0.002,0.0,0.002,0.003,0.001001001001001001,0.0,0.009009009009009009,0.007007007007007007
0.28917806695584475,189.86231422424316,8756.0,26.0,209.0,1.0,1.0,1.0,1.0,1.0,1.0,1.0,nan,0.0,0.001,0.0,0.002,0.003,0.0,0.0,0.01001001001001001,0.01001001001001001
0.4671338004671338,187.72585487365723,8650.0,42.0,299.0,1.0,1.0,1.0,1.0,1.0,1.0,1.0,nan,0.0,0.0,0.0,0.003,0.006,0.001001001001001001,0.0,0.014014014014014014,0.018018018018018018
0.22244466688911133,200.38442993164062,8797.0,20.0,174.0,1.0,1.0,1.0,1.0,1.0,1.0,1.0,nan,0.0,0.001,0.0,0.0,0.003,0.0,0.0,0.007007007007007007,0.009009009009009009
0.4004004004004004,193.79249382019043,8696.0,36.0,259.0,1.0,1.0,1.0,1.0,1.0,1.0,1.0,nan,0.0,0.001,0.0,0.0,0.003,0.001001001001001001,0.0,0.012012012012012012,0.01901901901901902
0.511622733844956,190.1289768218994,8665.0,46.0,280.0,1.0,1.0,1.0,1.0,1.0,1.0,1.0,nan,0.0,0.003,0.0,0.002,0.003,0.001001001001001001,0.0,0.01701701701701702,0.02002002002002002
0.4337671004337671,198.440185546875,8699.0,39.0,253.0,1.0,1.0,1.0,1.0,1.0,1.0,1.0,nan,0.0,0.003,0.0,0.002,0.003,0.001001001001001001,0.0,0.01001001001001001,0.02002002002002002
0.6562117673228784,187.90479278564453,8544.0,59.0,388.0,1.0,1.0,1.0,1.0,1.0,1.0,1.0,nan,0.0,0.002,0.0,0.002,0.004,0.001001001001001001,0.0,0.02002002002002002,0.03003003003003003
0.2669336002669336,203.12457084655762,8786.0,24.0,181.0,1.0,1.0,1.0,1.0,1.0,1.0,1.0,nan,0.0,0.001,0.0,0.002,0.003,0.0,0.0,0.007007007007007007,0.011011011011011011
0.2669336002669336,208.96786880493164,8795.0,24.0,172.0,1.0,1.0,1.0,1.0,1.0,1.0,1.0,nan,0.0,0.003,0.0,0.001,0.003,0.0,0.0,0.006006006006006006,0.011011011011011011
0.3670337003670337,195.4621353149414,8705.0,33.0,253.0,1.0,1.0,1.0,1.0,1.0,1.0,1.0,nan,0.0,0.001,0.0,0.002,0.003,0.0,0.0,0.014014014014014014,0.013013013013013013
0.44488933377822265,196.35757637023926,8673.0,40.0,278.0,1.0,1.0,1.0,1.0,1.0,1.0,1.0,nan,0.0,0.003,0.0,0.002,0.003,0.0,0.0,0.01701701701701702,0.015015015015015015
0.4671338004671338,195.19635200500488,8657.0,42.0,292.0,1.0,1.0,1.0,1.0,1.0,1.0,1.0,nan,0.0,0.003,0.0,0.002,0.003,0.0,0.0,0.014014014014014014,0.02002002002002002
0.48937826715604493,193.30171585083008,8663.0,44.0,284.0,1.0,1.0,1.0,1.0,1.0,1.0,1.0,nan,0.0,0.003,0.0,0.002,0.003,0.0,0.0,0.013013013013013013,0.023023023023023025
0.745189634078523,181.1090488433838,8483.0,67.0,441.0,1.0,1.0,1.0,1.0,1.0,1.0,1.0,nan,0.0,0.002,0.0,0.005,0.006,0.004004004004004004,0.001002004008016032,0.021021021021021023,0.028028028028028028
0.5449894338783228,189.48535346984863,8611.0,49.0,331.0,1.0,1.0,1.0,1.0,1.0,1.0,1.0,nan,0.0,0.002,0.0,0.002,0.004,0.001001001001001001,0.0,0.018018018018018018,0.022022022022022022
0.21132243354465577,207.6693344116211,8833.0,19.0,139.0,1.0,1.0,1.0,1.0,1.0,1.0,1.0,nan,0.0,0.001,0.0,0.001,0.003,0.0,0.0,0.007007007007007007,0.007007007007007007
0.3003003003003003,209.7376937866211,8770.0,27.0,194.0,1.0,1.0,1.0,1.0,1.0,1.0,1.0,nan,0.0,0.001,0.0,0.001,0.003,0.0,0.0,0.01001001001001001,0.012012012012012012
0.4337671004337671,200.40751838684082,8663.0,39.0,289.0,1.0,1.0,1.0,1.0,1.0,1.0,1.0,nan,0.0,0.002,0.0,0.002,0.004,0.001001001001001001,0.0,0.012012012012012012,0.018018018018018018
0.5338672005338672,188.17896270751953,8593.0,48.0,350.0,1.0,1.0,1.0,1.0,1.0,1.0,1.0,nan,0.0,0.002,0.0,0.004,0.004,0.001001001001001001,0.001002004008016032,0.01701701701701702,0.01901901901901902
0.4671338004671338,198.1428337097168,8659.0,42.0,290.0,1.0,1.0,1.0,1.0,1.0,1.0,1.0,nan,0.0,0.002,0.0,0.002,0.004,0.0,0.001002004008016032,0.013013013013013013,0.02002002002002002
0.21132243354465577,207.8790283203125,8821.0,19.0,151.0,1.0,1.0,1.0,1.0,1.0,1.0,1.0,nan,0.0,0.0,0.0,0.001,0.003,0.0,0.0,0.008008008008008008,0.007007007007007007
0.255811366922478,211.17689895629883,8796.0,23.0,172.0,1.0,1.0,1.0,1.0,1.0,1.0,1.0,nan,0.0,0.0,0.0,0.001,0.003,0.0,0.0,0.011011011011011011,0.008008008008008008
0.37815593371148926,202.72184944152832,8719.0,34.0,238.0,1.0,1.0,1.0,1.0,1.0,1.0,1.0,nan,0.0,0.001,0.0,0.002,0.003,0.0,0.0,0.01001001001001001,0.018018018018018018
0.4337671004337671,200.01280403137207,8664.0,39.0,288.0,1.0,1.0,1.0,1.0,1.0,1.0,1.0,nan,0.0,0.001,0.0,0.002,0.003,0.001001001001001001,0.0,0.013013013013013013,0.01901901901901902
0.4782560338115894,195.88454627990723,8636.0,43.0,312.0,1.0,1.0,1.0,1.0,1.0,1.0,1.0,nan,0.0,0.001,0.0,0.002,0.003,0.001001001001001001,0.001002004008016032,0.01701701701701702,0.018018018018018018
0.4004004004004004,202.79132270812988,8698.0,36.0,257.0,1.0,1.0,1.0,1.0,1.0,1.0,1.0,nan,0.0,0.002,0.0,0.002,0.003,0.0,0.0,0.012012012012012012,0.01701701701701702
0.3003003003003003,205.59600830078125,8732.0,27.0,232.0,1.0,1.0,1.0,1.0,1.0,1.0,1.0,nan,0.0,0.001,0.0,0.002,0.003,0.0,0.0,0.01001001001001001,0.011011011011011011
0.24468913357802247,207.09298133850098,8790.0,22.0,179.0,1.0,1.0,1.0,1.0,1.0,1.0,1.0,nan,0.0,0.001,0.0,0.001,0.003,0.0,0.0,0.009009009009009009,0.008008008008008008
0.2002002002002002,218.80300903320312,8824.0,18.0,149.0,1.0,1.0,1.0,1.0,1.0,1.0,1.0,nan,0.0,0.0,0.0,0.001,0.003,0.0,0.0,0.007007007007007007,0.007007007007007007
0.3447892336781226,213.88680839538574,8741.0,31.0,219.0,1.0,1.0,1.0,1.0,1.0,1.0,1.0,nan,0.0,0.002,0.0,0.001,0.003,0.0,0.0,0.01001001001001001,0.015015015015015015
0.21132243354465577,210.589937210083,8809.0,19.0,163.0,1.0,1.0,1.0,1.0,1.0,1.0,1.0,nan,0.0,0.0,0.0,0.001,0.003,0.0,0.0,0.008008008008008008,0.007007007007007007
0.21132243354465577,214.40181159973145,8816.0,19.0,156.0,1.0,1.0,1.0,1.0,1.0,1.0,1.0,nan,0.0,0.0,0.0,0.001,0.003,0.0,0.0,0.008008008008008008,0.007007007007007007
0.255811366922478,220.80338096618652,8788.0,23.0,180.0,1.0,1.0,1.0,1.0,1.0,1.0,1.0,nan,0.0,0.0,0.0,0.001,0.003,0.0,0.0,0.011011011011011011,0.008008008008008008
0.24468913357802247,222.34460258483887,8800.0,22.0,169.0,1.0,1.0,1.0,1.0,1.0,1.0,1.0,nan,0.0,0.0,0.0,0.001,0.003,0.0,0.0,0.011011011011011011,0.007007007007007007
0.17795573351128907,226.15370178222656,8847.0,16.0,128.0,1.0,1.0,1.0,1.0,1.0,1.0,1.0,nan,0.0,0.001,0.0,0.0,0.003,0.0,0.0,0.006006006006006006,0.006006006006006006
0.2335669002335669,223.47167015075684,8797.0,21.0,173.0,1.0,1.0,1.0,1.0,1.0,1.0,1.0,nan,0.0,0.003,0.0,0.001,0.003,0.0,0.0,0.007007007007007007,0.007007007007007007
0.3003003003003003,210.14529991149902,8718.0,27.0,246.0,1.0,1.0,1.0,1.0,1.0,1.0,1.0,nan,0.0,0.001,0.0,0.001,0.003,0.001001001001001001,0.0,0.012012012012012012,0.009009009009009009
0.4671338004671338,207.4515037536621,8644.0,42.0,305.0,1.0,1.0,1.0,1.0,1.0,1.0,1.0,nan,0.0,0.002,0.0,0.003,0.003,0.0,0.0,0.013013013013013013,0.021021021021021023
0.48937826715604493,202.8279209136963,8653.0,44.0,294.0,1.0,1.0,1.0,1.0,1.0,1.0,1.0,nan,0.0,0.002,0.0,0.001,0.003,0.001001001001001001,0.001002004008016032,0.013013013013013013,0.023023023023023025
0.2335669002335669,218.25469398498535,8799.0,21.0,171.0,1.0,1.0,1.0,1.0,1.0,1.0,1.0,nan,0.0,0.0,0.0,0.0,0.003,0.0,0.0,0.009009009009009009,0.009009009009009009
0.18907796685574463,221.7298469543457,8826.0,17.0,148.0,1.0,1.0,1.0,1.0,1.0,1.0,1.0,nan,0.0,0.0,0.0,0.0,0.003,0.0,0.0,0.007007007007007007,0.007007007007007007
0.411522633744856,207.4862995147705,8674.0,37.0,280.0,1.0,1.0,1.0,1.0,1.0,1.0,1.0,nan,0.0,0.001,0.0,0.002,0.003,0.0,0.0,0.014014014014014014,0.01701701701701702
0.255811366922478,214.03980827331543,8781.0,23.0,187.0,1.0,1.0,1.0,1.0,1.0,1.0,1.0,nan,0.0,0.001,0.0,0.001,0.003,0.0,0.0,0.009009009009009009,0.009009009009009009
0.255811366922478,215.35892486572266,8787.0,23.0,181.0,1.0,1.0,1.0,1.0,1.0,1.0,1.0,nan,0.0,0.002,0.0,0.002,0.003,0.001001001001001001,0.0,0.008008008008008008,0.007007007007007007
0.411522633744856,213.58388328552246,8700.0,37.0,254.0,1.0,1.0,1.0,1.0,1.0,1.0,1.0,nan,0.0,0.001,0.0,0.002,0.003,0.0,0.0,0.011011011011011011,0.02002002002002002
0.5005005005005005,206.36724662780762,8623.0,45.0,323.0,1.0,1.0,1.0,1.0,1.0,1.0,1.0,nan,0.0,0.001,0.0,0.002,0.004,0.001001001001001001,0.0,0.015015015015015015,0.022022022022022022
0.667334000667334,199.9526424407959,8517.0,60.0,414.0,1.0,1.0,1.0,1.0,1.0,1.0,1.0,nan,0.0,0.002,0.0,0.006,0.005,0.002002002002002002,0.001002004008016032,0.018018018018018018,0.026026026026026026
0.6228450672895117,196.1797580718994,8536.0,56.0,399.0,1.0,1.0,1.0,1.0,1.0,1.0,1.0,nan,0.0,0.003,0.0,0.002,0.005,0.002002002002002002,0.001002004008016032,0.015015015015015015,0.028028028028028028
0.6339673006339673,203.7510643005371,8522.0,57.0,412.0,1.0,1.0,1.0,1.0,1.0,1.0,1.0,nan,0.0,0.003,0.0,0.003,0.004,0.002002002002002002,0.001002004008016032,0.015015015015015015,0.02902902902902903
0.3670337003670337,208.08124160766602,8724.0,33.0,234.0,1.0,1.0,1.0,1.0,1.0,1.0,1.0,nan,0.0,0.0,0.0,0.002,0.003,0.0,0.0,0.012012012012012012,0.016016016016016016
0.15571126682237793,234.14719772338867,8860.0,14.0,117.0,1.0,1.0,1.0,1.0,1.0,1.0,1.0,nan,0.0,0.0,0.0,0.0,0.003,0.0,0.0,0.005005005005005005,0.006006006006006006
0.14458903347792237,230.63197326660156,8880.0,13.0,98.0,1.0,1.0,1.0,1.0,1.0,1.0,1.0,nan,0.0,0.0,0.0,0.0,0.003,0.0,0.0,0.004004004004004004,0.006006006006006006
0.14458903347792237,231.76170349121094,8871.0,13.0,107.0,1.0,1.0,1.0,1.0,1.0,1.0,1.0,nan,0.0,0.0,0.0,0.0,0.003,0.0,0.0,0.004004004004004004,0.006006006006006006
0.2002002002002002,224.42891120910645,8814.0,18.0,159.0,1.0,1.0,1.0,1.0,1.0,1.0,1.0,nan,0.0,0.001,0.0,0.001,0.003,0.0,0.0,0.005005005005005005,0.008008008008008008
0.3003003003003003,217.67838287353516,8746.0,27.0,218.0,1.0,1.0,1.0,1.0,1.0,1.0,1.0,nan,0.0,0.001,0.0,0.001,0.003,0.0,0.0,0.012012012012012012,0.01001001001001001
0.17795573351128907,233.00192832946777,8834.0,16.0,141.0,1.0,1.0,1.0,1.0,1.0,1.0,1.0,nan,0.0,0.001,0.0,0.0,0.003,0.0,0.0,0.005005005005005005,0.007007007007007007
0.411522633744856,217.0147476196289,8676.0,37.0,278.0,1.0,1.0,1.0,1.0,1.0,1.0,1.0,nan,0.0,0.002,0.0,0.002,0.003,0.002002002002002002,0.0,0.012012012012012012,0.016016016016016016
0.2780558336113892,230.33124351501465,8770.0,25.0,196.0,1.0,1.0,1.0,1.0,1.0,1.0,1.0,nan,0.0,0.002,0.0,0.001,0.003,0.0,0.0,0.011011011011011011,0.008008008008008008
0.3225447669892114,220.90462493896484,8739.0,29.0,223.0,1.0,1.0,1.0,1.0,1.0,1.0,1.0,nan,0.0,0.002,0.0,0.001,0.003,0.0,0.0,0.012012012012012012,0.011011011011011011
0.3447892336781226,219.21490097045898,8725.0,31.0,235.0,1.0,1.0,1.0,1.0,1.0,1.0,1.0,nan,0.0,0.001,0.0,0.001,0.003,0.0,0.0,0.01001001001001001,0.016016016016016016
0.08897786675564454,238.3787136077881,8920.0,8.0,63.0,1.0,1.0,1.0,1.0,1.0,1.0,1.0,nan,0.0,0.001,0.0,0.0,0.001,0.0,0.0,0.002002002002002002,0.004004004004004004
0.11122233344455566,243.16241836547852,8897.0,10.0,84.0,1.0,1.0,1.0,1.0,1.0,1.0,1.0,nan,0.0,0.0,0.0,0.0,0.002,0.0,0.0,0.002002002002002002,0.006006006006006006
0.18907796685574463,233.23561096191406,8840.0,17.0,134.0,1.0,1.0,1.0,1.0,1.0,1.0,1.0,nan,0.0,0.0,0.0,0.001,0.003,0.0,0.0,0.006006006006006006,0.007007007007007007
0.2669336002669336,229.28668403625488,8803.0,24.0,164.0,1.0,1.0,1.0,1.0,1.0,1.0,1.0,nan,0.0,0.002,0.0,0.001,0.003,0.0,0.0,0.011011011011011011,0.007007007007007007
0.07785563341118897,237.63140106201172,8915.0,7.0,69.0,1.0,1.0,1.0,1.0,1.0,1.0,1.0,nan,0.0,0.0,0.0,0.001,0.002,0.0,0.0,0.002002002002002002,0.002002002002002002
0.2669336002669336,223.90715408325195,8800.0,24.0,167.0,1.0,1.0,1.0,1.0,1.0,1.0,1.0,nan,0.0,0.001,0.0,0.001,0.003,0.001001001001001001,0.0,0.011011011011011011,0.007007007007007007
0.21132243354465577,230.39029693603516,8835.0,19.0,137.0,1.0,1.0,1.0,1.0,1.0,1.0,1.0,nan,0.0,0.0,0.0,0.001,0.003,0.0,0.0,0.009009009009009009,0.006006006006006006
0.2669336002669336,215.06083869934082,8752.0,24.0,215.0,1.0,1.0,1.0,1.0,1.0,1.0,1.0,nan,0.0,0.0,0.0,0.002,0.003,0.0,0.0,0.011011011011011011,0.008008008008008008
0.18907796685574463,228.38687324523926,8838.0,17.0,136.0,1.0,1.0,1.0,1.0,1.0,1.0,1.0,nan,0.0,0.0,0.0,0.001,0.003,0.0,0.0,0.007007007007007007,0.006006006006006006
0.2335669002335669,230.42180824279785,8800.0,21.0,170.0,1.0,1.0,1.0,1.0,1.0,1.0,1.0,nan,0.0,0.0,0.0,0.001,0.003,0.0,0.0,0.011011011011011011,0.006006006006006006
0.255811366922478,236.62592124938965,8795.0,23.0,173.0,1.0,1.0,1.0,1.0,1.0,1.0,1.0,nan,0.0,0.002,0.0,0.001,0.003,0.0,0.0,0.009009009009009009,0.008008008008008008
0.333667000333667,225.32983016967773,8742.0,30.0,219.0,1.0,1.0,1.0,1.0,1.0,1.0,1.0,nan,0.0,0.003,0.0,0.001,0.003,0.0,0.0,0.011011011011011011,0.012012012012012012
0.17795573351128907,230.14911079406738,8838.0,16.0,137.0,1.0,1.0,1.0,1.0,1.0,1.0,1.0,nan,0.0,0.0,0.0,0.001,0.003,0.0,0.0,0.005005005005005005,0.007007007007007007
0.2335669002335669,231.01941108703613,8822.0,21.0,148.0,1.0,1.0,1.0,1.0,1.0,1.0,1.0,nan,0.0,0.002,0.0,0.001,0.003,0.0,0.0,0.008008008008008008,0.007007007007007007
0.24468913357802247,237.83260917663574,8810.0,22.0,159.0,1.0,1.0,1.0,1.0,1.0,1.0,1.0,nan,0.0,0.002,0.0,0.001,0.003,0.0,0.0,0.008008008008008008,0.008008008008008008
0.24468913357802247,229.97796821594238,8805.0,22.0,164.0,1.0,1.0,1.0,1.0,1.0,1.0,1.0,nan,0.0,0.002,0.0,0.001,0.003,0.0,0.0,0.01001001001001001,0.006006006006006006
0.08897786675564454,238.69064331054688,8897.0,8.0,86.0,1.0,1.0,1.0,1.0,1.0,1.0,1.0,nan,0.0,0.001,0.0,0.0,0.002,0.0,0.0,0.002002002002002002,0.003003003003003003
0.2002002002002002,240.8524513244629,8841.0,18.0,132.0,1.0,1.0,1.0,1.0,1.0,1.0,1.0,nan,0.0,0.001,0.0,0.001,0.003,0.0,0.0,0.006006006006006006,0.007007007007007007
0.1334668001334668,239.87372016906738,8883.0,12.0,96.0,1.0,1.0,1.0,1.0,1.0,1.0,1.0,nan,0.0,0.001,0.0,0.001,0.001,0.0,0.0,0.002002002002002002,0.007007007007007007
0.18907796685574463,237.07771682739258,8862.0,17.0,112.0,1.0,1.0,1.0,1.0,1.0,1.0,1.0,nan,0.0,0.003,0.0,0.001,0.001,0.0,0.0,0.007007007007007007,0.005005005005005005
0.255811366922478,230.09750938415527,8780.0,23.0,188.0,1.0,1.0,1.0,1.0,1.0,1.0,1.0,nan,0.0,0.001,0.0,0.001,0.003,0.0,0.0,0.008008008008008008,0.01001001001001001
0.24468913357802247,228.62665939331055,8779.0,22.0,190.0,1.0,1.0,1.0,1.0,1.0,1.0,1.0,nan,0.0,0.0,0.0,0.001,0.003,0.0,0.0,0.009009009009009009,0.009009009009009009
0.2335669002335669,220.3611888885498,8774.0,21.0,196.0,1.0,1.0,1.0,1.0,1.0,1.0,1.0,nan,0.0,0.0,0.0,0.001,0.003,0.0,0.0,0.01001001001001001,0.007007007007007007
0.3447892336781226,232.89380836486816,8720.0,31.0,240.0,1.0,1.0,1.0,1.0,1.0,1.0,1.0,nan,0.0,0.002,0.0,0.001,0.004,0.0,0.0,0.01001001001001001,0.014014014014014014
0.1334668001334668,244.54580879211426,8873.0,12.0,106.0,1.0,1.0,1.0,1.0,1.0,1.0,1.0,nan,0.0,0.0,0.0,0.001,0.002,0.0,0.0,0.005005005005005005,0.004004004004004004
0.31142253364475586,237.92436981201172,8746.0,28.0,217.0,1.0,1.0,1.0,1.0,1.0,1.0,1.0,nan,0.0,0.003,0.0,0.001,0.003,0.0,0.0,0.01001001001001001,0.011011011011011011
0.2669336002669336,235.79519081115723,8769.0,24.0,198.0,1.0,1.0,1.0,1.0,1.0,1.0,1.0,nan,0.0,0.003,0.0,0.001,0.003,0.0,0.0,0.01001001001001001,0.007007007007007007
0.35591146702257814,227.67662620544434,8695.0,32.0,264.0,1.0,1.0,1.0,1.0,1.0,1.0,1.0,nan,0.0,0.001,0.0,0.001,0.003,0.001001001001001001,0.0,0.011011011011011011,0.015015015015015015
0.255811366922478,225.99731063842773,8765.0,23.0,203.0,1.0,1.0,1.0,1.0,1.0,1.0,1.0,nan,0.0,0.0,0.0,0.001,0.003,0.0,0.0,0.011011011011011011,0.008008008008008008
0.4560115671226782,227.48573303222656,8651.0,41.0,299.0,1.0,1.0,1.0,1.0,1.0,1.0,1.0,nan,0.0,0.002,0.0,0.001,0.004,0.001001001001001001,0.001002004008016032,0.013013013013013013,0.01901901901901902
0.333667000333667,229.5160789489746,8737.0,30.0,224.0,1.0,1.0,1.0,1.0,1.0,1.0,1.0,nan,0.0,0.002,0.0,0.001,0.003,0.001001001001001001,0.001002004008016032,0.01001001001001001,0.012012012012012012
0.15571126682237793,240.54653358459473,8857.0,14.0,120.0,1.0,1.0,1.0,1.0,1.0,1.0,1.0,nan,0.0,0.0,0.0,0.001,0.003,0.0,0.0,0.004004004004004004,0.006006006006006006
0.28917806695584475,228.21846771240234,8763.0,26.0,202.0,1.0,1.0,1.0,1.0,1.0,1.0,1.0,nan,0.0,0.003,0.0,0.001,0.003,0.0,0.0,0.009009009009009009,0.01001001001001001
0.255811366922478,232.5587558746338,8784.0,23.0,184.0,1.0,1.0,1.0,1.0,1.0,1.0,1.0,nan,0.0,0.002,0.0,0.001,0.003,0.001001001001001001,0.0,0.01001001001001001,0.006006006006006006
0.3225447669892114,227.99660301208496,8738.0,29.0,224.0,1.0,1.0,1.0,1.0,1.0,1.0,1.0,nan,0.0,0.002,0.0,0.001,0.003,0.001001001001001001,0.0,0.011011011011011011,0.011011011011011011
0.3225447669892114,234.89887619018555,8738.0,29.0,224.0,1.0,1.0,1.0,1.0,1.0,1.0,1.0,nan,0.0,0.001,0.0,0.001,0.003,0.0,0.0,0.01001001001001001,0.014014014014014014
0.3003003003003003,232.92267036437988,8750.0,27.0,214.0,1.0,1.0,1.0,1.0,1.0,1.0,1.0,nan,0.0,0.002,0.0,0.001,0.003,0.0,0.0,0.01001001001001001,0.011011011011011011
0.44488933377822265,219.66537284851074,8643.0,40.0,308.0,1.0,1.0,1.0,1.0,1.0,1.0,1.0,nan,0.0,0.002,0.0,0.002,0.004,0.002002002002002002,0.0,0.012012012012012012,0.018018018018018018
0.3447892336781226,223.9434814453125,8721.0,31.0,239.0,1.0,1.0,1.0,1.0,1.0,1.0,1.0,nan,0.0,0.002,0.0,0.001,0.003,0.001001001001001001,0.0,0.01001001001001001,0.014014014014014014
0.31142253364475586,222.09578704833984,8745.0,28.0,218.0,1.0,1.0,1.0,1.0,1.0,1.0,1.0,nan,0.0,0.002,0.0,0.001,0.003,0.001001001001001001,0.0,0.01001001001001001,0.011011011011011011
0.3003003003003003,232.32007598876953,8751.0,27.0,213.0,1.0,1.0,1.0,1.0,1.0,1.0,1.0,nan,0.0,0.002,0.0,0.001,0.003,0.001001001001001001,0.0,0.01001001001001001,0.01001001001001001
0.2002002002002002,238.38777351379395,8828.0,18.0,145.0,1.0,1.0,1.0,1.0,1.0,1.0,1.0,nan,0.0,0.001,0.0,0.0,0.003,0.0,0.0,0.007007007007007007,0.007007007007007007
0.3670337003670337,219.94854164123535,8689.0,33.0,269.0,1.0,1.0,1.0,1.0,1.0,1.0,1.0,nan,0.0,0.002,0.0,0.001,0.005,0.002002002002002002,0.0,0.01001001001001001,0.013013013013013013
0.48937826715604493,223.8830337524414,8644.0,44.0,303.0,1.0,1.0,1.0,1.0,1.0,1.0,1.0,nan,0.0,0.002,0.0,0.001,0.005,0.002002002002002002,0.0,0.014014014014014014,0.02002002002002002
0.17795573351128907,237.37566757202148,8859.0,16.0,116.0,1.0,1.0,1.0,1.0,1.0,1.0,1.0,nan,0.0,0.0,0.0,0.001,0.001,0.0,0.0,0.008008008008008008,0.006006006006006006
0.255811366922478,233.0361270904541,8786.0,23.0,182.0,1.0,1.0,1.0,1.0,1.0,1.0,1.0,nan,0.0,0.001,0.0,0.001,0.002,0.001001001001001001,0.0,0.01001001001001001,0.008008008008008008
0.21132243354465577,241.57226371765137,8822.0,19.0,150.0,1.0,1.0,1.0,1.0,1.0,1.0,1.0,nan,0.0,0.0,0.0,0.001,0.003,0.001001001001001001,0.0,0.007007007007007007,0.007007007007007007
0.28917806695584475,233.6465549468994,8748.0,26.0,217.0,1.0,1.0,1.0,1.0,1.0,1.0,1.0,nan,0.0,0.001,0.0,0.001,0.003,0.001001001001001001,0.0,0.01001001001001001,0.01001001001001001
0.2669336002669336,236.2382698059082,8762.0,24.0,205.0,1.0,1.0,1.0,1.0,1.0,1.0,1.0,nan,0.0,0.0,0.0,0.001,0.003,0.0,0.0,0.01001001001001001,0.01001001001001001
0.21132243354465577,242.42532539367676,8813.0,19.0,159.0,1.0,1.0,1.0,1.0,1.0,1.0,1.0,nan,0.0,0.0,0.0,0.001,0.003,0.001001001001001001,0.0,0.006006006006006006,0.008008008008008008
0.35591146702257814,237.51507568359375,8724.0,32.0,235.0,1.0,1.0,1.0,1.0,1.0,1.0,1.0,nan,0.0,0.002,0.0,0.001,0.004,0.001001001001001001,0.0,0.01001001001001001,0.014014014014014014
0.12234456678901123,250.3595314025879,8879.0,11.0,101.0,1.0,1.0,1.0,1.0,1.0,1.0,1.0,nan,0.0,0.0,0.0,0.001,0.002,0.0,0.0,0.004004004004004004,0.004004004004004004
0.2335669002335669,245.96537017822266,8789.0,21.0,181.0,1.0,1.0,1.0,1.0,1.0,1.0,1.0,nan,0.0,0.0,0.0,0.001,0.002,0.0,0.0,0.009009009009009009,0.009009009009009009
0.4004004004004004,233.1225471496582,8696.0,36.0,259.0,1.0,1.0,1.0,1.0,1.0,1.0,1.0,nan,0.0,0.003,0.0,0.001,0.003,0.002002002002002002,0.0,0.012012012012012012,0.015015015015015015
0.35591146702257814,227.32095527648926,8706.0,32.0,253.0,1.0,1.0,1.0,1.0,1.0,1.0,1.0,nan,0.0,0.002,0.0,0.001,0.003,0.002002002002002002,0.0,0.01001001001001001,0.014014014014014014
0.3003003003003003,225.98237991333008,8726.0,27.0,238.0,1.0,1.0,1.0,1.0,1.0,1.0,1.0,nan,0.0,0.002,0.0,0.001,0.003,0.0,0.0,0.01001001001001001,0.011011011011011011
0.4337671004337671,230.40409660339355,8647.0,39.0,305.0,1.0,1.0,1.0,1.0,1.0,1.0,1.0,nan,0.0,0.002,0.0,0.001,0.005,0.001001001001001001,0.001002004008016032,0.013013013013013013,0.016016016016016016
0.2335669002335669,239.6428985595703,8799.0,21.0,171.0,1.0,1.0,1.0,1.0,1.0,1.0,1.0,nan,0.0,0.0,0.0,0.001,0.002,0.0,0.0,0.01001001001001001,0.008008008008008008
0.37815593371148926,234.7117977142334,8716.0,34.0,241.0,1.0,1.0,1.0,1.0,1.0,1.0,1.0,nan,0.0,0.002,0.0,0.002,0.004,0.002002002002002002,0.001002004008016032,0.011011011011011011,0.012012012012012012
0.3447892336781226,238.94020652770996,8730.0,31.0,230.0,1.0,1.0,1.0,1.0,1.0,1.0,1.0,nan,0.0,0.002,0.0,0.001,0.003,0.001001001001001001,0.0,0.01001001001001001,0.014014014014014014
0.0667334000667334,264.55666732788086,8921.0,6.0,64.0,1.0,1.0,1.0,1.0,1.0,1.0,1.0,nan,0.0,0.0,0.0,0.001,0.0,0.0,0.0,0.002002002002002002,0.003003003003003003
0.22244466688911133,246.74874114990234,8800.0,20.0,171.0,1.0,1.0,1.0,1.0,1.0,1.0,1.0,nan,0.0,0.001,0.0,0.001,0.003,0.0,0.0,0.008008008008008008,0.007007007007007007
0.24468913357802247,237.72938919067383,8750.0,22.0,219.0,1.0,1.0,1.0,1.0,1.0,1.0,1.0,nan,0.0,0.0,0.0,0.001,0.003,0.001001001001001001,0.0,0.01001001001001001,0.007007007007007007
0.18907796685574463,248.6880226135254,8820.0,17.0,154.0,1.0,1.0,1.0,1.0,1.0,1.0,1.0,nan,0.0,0.0,0.0,0.001,0.002,0.0,0.0,0.007007007007007007,0.007007007007007007
0.2335669002335669,254.7748260498047,8831.0,21.0,139.0,1.0,1.0,1.0,1.0,1.0,1.0,1.0,nan,0.0,0.0,0.0,0.001,0.002,0.001001001001001001,0.0,0.01001001001001001,0.007007007007007007
0.1334668001334668,262.67376136779785,8876.0,12.0,103.0,1.0,1.0,1.0,1.0,1.0,1.0,1.0,nan,0.0,0.0,0.0,0.001,0.002,0.0,0.0,0.005005005005005005,0.004004004004004004
0.255811366922478,245.4302978515625,8800.0,23.0,168.0,1.0,1.0,1.0,1.0,1.0,1.0,1.0,nan,0.0,0.001,0.0,0.001,0.003,0.001001001001001001,0.0,0.01001001001001001,0.007007007007007007
0.24468913357802247,252.9004249572754,8792.0,22.0,177.0,1.0,1.0,1.0,1.0,1.0,1.0,1.0,nan,0.0,0.001,0.0,0.001,0.003,0.001001001001001001,0.0,0.009009009009009009,0.007007007007007007
0.2335669002335669,249.54065704345703,8831.0,21.0,139.0,1.0,1.0,1.0,1.0,1.0,1.0,1.0,nan,0.0,0.0,0.0,0.001,0.002,0.001001001001001001,0.0,0.01001001001001001,0.007007007007007007
0.2780558336113892,255.48683738708496,8767.0,25.0,199.0,1.0,1.0,1.0,1.0,1.0,1.0,1.0,nan,0.0,0.001,0.0,0.001,0.002,0.0,0.0,0.01001001001001001,0.011011011011011011
0.08897786675564454,256.0655269622803,8907.0,8.0,76.0,1.0,1.0,1.0,1.0,1.0,1.0,1.0,nan,0.0,0.0,0.0,0.001,0.0,0.0,0.0,0.005005005005005005,0.002002002002002002
0.12234456678901123,262.0277690887451,8881.0,11.0,99.0,1.0,1.0,1.0,1.0,1.0,1.0,1.0,nan,0.0,0.0,0.0,0.001,0.001,0.0,0.0,0.006006006006006006,0.003003003003003003
0.0667334000667334,268.729528427124,8926.0,6.0,59.0,1.0,1.0,1.0,1.0,1.0,1.0,1.0,nan,0.0,0.0,0.0,0.001,0.0,0.0,0.0,0.003003003003003003,0.002002002002002002
0.17795573351128907,265.05650329589844,8847.0,16.0,128.0,1.0,1.0,1.0,1.0,1.0,1.0,1.0,nan,0.0,0.001,0.0,0.001,0.002,0.0,0.0,0.007007007007007007,0.005005005005005005
0.15571126682237793,260.7146186828613,8860.0,14.0,117.0,1.0,1.0,1.0,1.0,1.0,1.0,1.0,nan,0.0,0.0,0.0,0.001,0.003,0.0,0.0,0.005005005005005005,0.005005005005005005
0.12234456678901123,266.81332206726074,8883.0,11.0,97.0,1.0,1.0,1.0,1.0,1.0,1.0,1.0,nan,0.0,0.0,0.0,0.001,0.002,0.0,0.0,0.004004004004004004,0.004004004004004004
0.18907796685574463,257.2007598876953,8842.0,17.0,132.0,1.0,1.0,1.0,1.0,1.0,1.0,1.0,nan,0.0,0.001,0.0,0.001,0.003,0.0,0.0,0.008008008008008008,0.004004004004004004
0.2002002002002002,257.87365531921387,8832.0,18.0,141.0,1.0,1.0,1.0,1.0,1.0,1.0,1.0,nan,0.0,0.001,0.0,0.001,0.003,0.0,0.0,0.007007007007007007,0.006006006006006006
0.255811366922478,243.8934841156006,8762.0,23.0,206.0,1.0,1.0,1.0,1.0,1.0,1.0,1.0,nan,0.0,0.001,0.0,0.001,0.003,0.001001001001001001,0.0,0.01001001001001001,0.007007007007007007
0.3225447669892114,242.17453002929688,8724.0,29.0,238.0,1.0,1.0,1.0,1.0,1.0,1.0,1.0,nan,0.0,0.001,0.0,0.001,0.003,0.001001001001001001,0.0,0.011011011011011011,0.012012012012012012
0.1334668001334668,257.5872917175293,8869.0,12.0,110.0,1.0,1.0,1.0,1.0,1.0,1.0,1.0,nan,0.0,0.001,0.0,0.0,0.002,0.0,0.0,0.006006006006006006,0.003003003003003003
0.3225447669892114,241.43947410583496,8721.0,29.0,241.0,1.0,1.0,1.0,1.0,1.0,1.0,1.0,nan,0.0,0.001,0.0,0.002,0.003,0.001001001001001001,0.0,0.01001001001001001,0.012012012012012012
0.04448893337782227,274.5156478881836,8943.0,4.0,44.0,1.0,1.0,1.0,1.0,1.0,1.0,1.0,nan,0.0,0.0,0.0,0.0,0.0,0.0,0.0,0.003003003003003003,0.001001001001001001
0.2002002002002002,261.0910472869873,8823.0,18.0,150.0,1.0,1.0,1.0,1.0,1.0,1.0,1.0,nan,0.0,0.0,0.0,0.001,0.002,0.0,0.0,0.009009009009009009,0.006006006006006006
0.1334668001334668,272.162015914917,8879.0,12.0,100.0,1.0,1.0,1.0,1.0,1.0,1.0,1.0,nan,0.0,0.0,0.0,0.001,0.001,0.0,0.0,0.006006006006006006,0.004004004004004004
0.15571126682237793,264.78064727783203,8864.0,14.0,113.0,1.0,1.0,1.0,1.0,1.0,1.0,1.0,nan,0.0,0.0,0.0,0.001,0.002,0.0,0.0,0.006006006006006006,0.005005005005005005
0.14458903347792237,269.2289524078369,8877.0,13.0,101.0,1.0,1.0,1.0,1.0,1.0,1.0,1.0,nan,0.0,0.001,0.0,0.0,0.001,0.0,0.0,0.005005005005005005,0.006006006006006006
0.1001001001001001,273.86168098449707,8914.0,9.0,68.0,1.0,1.0,1.0,1.0,1.0,1.0,1.0,nan,0.0,0.001,0.0,0.001,0.001,0.0,0.0,0.003003003003003003,0.003003003003003003
0.14458903347792237,267.71472358703613,8872.0,13.0,106.0,1.0,1.0,1.0,1.0,1.0,1.0,1.0,nan,0.0,0.0,0.0,0.001,0.001,0.0,0.0,0.007007007007007007,0.004004004004004004
0.255811366922478,256.2126941680908,8806.0,23.0,162.0,1.0,1.0,1.0,1.0,1.0,1.0,1.0,nan,0.0,0.001,0.0,0.001,0.003,0.001001001001001001,0.0,0.01001001001001001,0.007007007007007007
0.24468913357802247,264.4285488128662,8805.0,22.0,164.0,1.0,1.0,1.0,1.0,1.0,1.0,1.0,nan,0.0,0.003,0.0,0.001,0.003,0.001001001001001001,0.0,0.007007007007007007,0.007007007007007007
0.11122233344455566,270.1127052307129,8892.0,10.0,89.0,1.0,1.0,1.0,1.0,1.0,1.0,1.0,nan,0.0,0.0,0.0,0.001,0.002,0.001001001001001001,0.0,0.004004004004004004,0.002002002002002002
0.24468913357802247,258.09283447265625,8799.0,22.0,170.0,1.0,1.0,1.0,1.0,1.0,1.0,1.0,nan,0.0,0.0,0.0,0.001,0.003,0.001001001001001001,0.0,0.011011011011011011,0.006006006006006006
0.21132243354465577,272.7075366973877,8819.0,19.0,153.0,1.0,1.0,1.0,1.0,1.0,1.0,1.0,nan,0.0,0.0,0.0,0.001,0.002,0.001001001001001001,0.0,0.009009009009009009,0.006006006006006006
0.3447892336781226,255.8918342590332,8722.0,31.0,238.0,1.0,1.0,1.0,1.0,1.0,1.0,1.0,nan,0.0,0.002,0.0,0.001,0.003,0.001001001001001001,0.0,0.01001001001001001,0.014014014014014014
0.15571126682237793,267.0625247955322,8864.0,14.0,113.0,1.0,1.0,1.0,1.0,1.0,1.0,1.0,nan,0.0,0.0,0.0,0.001,0.003,0.001001001001001001,0.0,0.005005005005005005,0.004004004004004004
0.1001001001001001,274.10626220703125,8900.0,9.0,82.0,1.0,1.0,1.0,1.0,1.0,1.0,1.0,nan,0.0,0.0,0.0,0.001,0.001,0.001001001001001001,0.0,0.004004004004004004,0.002002002002002002
0.2780558336113892,254.22894477844238,8754.0,25.0,212.0,1.0,1.0,1.0,1.0,1.0,1.0,1.0,nan,0.0,0.0,0.0,0.001,0.003,0.001001001001001001,0.0,0.011011011011011011,0.009009009009009009
0.2335669002335669,269.2635269165039,8809.0,21.0,161.0,1.0,1.0,1.0,1.0,1.0,1.0,1.0,nan,0.0,0.0,0.0,0.001,0.003,0.001001001001001001,0.0,0.009009009009009009,0.007007007007007007
0.15571126682237793,272.2923126220703,8860.0,14.0,117.0,1.0,1.0,1.0,1.0,1.0,1.0,1.0,nan,0.0,0.0,0.0,0.001,0.003,0.001001001001001001,0.0,0.005005005005005005,0.004004004004004004
0.2780558336113892,259.8978614807129,8766.0,25.0,200.0,1.0,1.0,1.0,1.0,1.0,1.0,1.0,nan,0.0,0.001,0.0,0.001,0.003,0.001001001001001001,0.0,0.011011011011011011,0.008008008008008008
0.2780558336113892,270.0044918060303,8772.0,25.0,194.0,1.0,1.0,1.0,1.0,1.0,1.0,1.0,nan,0.0,0.0,0.0,0.001,0.003,0.001001001001001001,0.0,0.01001001001001001,0.01001001001001001
0.28917806695584475,269.2697238922119,8743.0,26.0,222.0,1.0,1.0,1.0,1.0,1.0,1.0,1.0,nan,0.0,0.001,0.0,0.001,0.003,0.001001001001001001,0.0,0.01001001001001001,0.01001001001001001
0.2002002002002002,277.15920639038086,8833.0,18.0,140.0,1.0,1.0,1.0,1.0,1.0,1.0,1.0,nan,0.0,0.0,0.0,0.001,0.003,0.0,0.0,0.006006006006006006,0.008008008008008008
0.3447892336781226,251.2318172454834,8716.0,31.0,244.0,1.0,1.0,1.0,1.0,1.0,1.0,1.0,nan,0.0,0.001,0.0,0.001,0.003,0.001001001001001001,0.0,0.013013013013013013,0.012012012012012012
0.1334668001334668,271.98681640625,8880.0,12.0,99.0,1.0,1.0,1.0,1.0,1.0,1.0,1.0,nan,0.0,0.0,0.0,0.001,0.001,0.0,0.0,0.005005005005005005,0.005005005005005005
0.15571126682237793,262.97089195251465,8863.0,14.0,114.0,1.0,1.0,1.0,1.0,1.0,1.0,1.0,nan,0.0,0.0,0.0,0.001,0.002,0.001001001001001001,0.0,0.005005005005005005,0.005005005005005005
0.2780558336113892,261.04482078552246,8777.0,25.0,189.0,1.0,1.0,1.0,1.0,1.0,1.0,1.0,nan,0.0,0.001,0.0,0.001,0.003,0.001001001001001001,0.0,0.01001001001001001,0.009009009009009009
0.08897786675564454,275.9046039581299,8898.0,8.0,85.0,1.0,1.0,1.0,1.0,1.0,1.0,1.0,nan,0.0,0.0,0.0,0.0,0.001,0.0,0.0,0.005005005005005005,0.002002002002002002
0.31142253364475586,253.83354377746582,8743.0,28.0,220.0,1.0,1.0,1.0,1.0,1.0,1.0,1.0,nan,0.0,0.002,0.0,0.001,0.003,0.001001001001001001,0.0,0.01001001001001001,0.011011011011011011
0.24468913357802247,257.3495674133301,8793.0,22.0,176.0,1.0,1.0,1.0,1.0,1.0,1.0,1.0,nan,0.0,0.0,0.0,0.001,0.003,0.001001001001001001,0.0,0.008008008008008008,0.009009009009009009
0.21132243354465577,265.7794780731201,8806.0,19.0,166.0,1.0,1.0,1.0,1.0,1.0,1.0,1.0,nan,0.0,0.0,0.0,0.001,0.003,0.0,0.0,0.007007007007007007,0.008008008008008008
0.12234456678901123,264.5465774536133,8874.0,11.0,106.0,1.0,1.0,1.0,1.0,1.0,1.0,1.0,nan,0.0,0.0,0.0,0.001,0.001,0.0,0.0,0.005005005005005005,0.004004004004004004
0.2669336002669336,249.59412956237793,8786.0,24.0,181.0,1.0,1.0,1.0,1.0,1.0,1.0,1.0,nan,0.0,0.0,0.0,0.001,0.003,0.001001001001001001,0.0,0.01001001001001001,0.009009009009009009
0.3003003003003003,252.54156494140625,8746.0,27.0,218.0,1.0,1.0,1.0,1.0,1.0,1.0,1.0,nan,0.0,0.0,0.0,0.001,0.003,0.001001001001001001,0.0,0.01001001001001001,0.012012012012012012
0.05561116672227783,286.0966682434082,8938.0,5.0,48.0,1.0,1.0,1.0,1.0,1.0,1.0,1.0,nan,0.0,0.0,0.0,0.0,0.0,0.0,0.0,0.004004004004004004,0.001001001001001001
0.12234456678901123,280.1581859588623,8869.0,11.0,111.0,1.0,1.0,1.0,1.0,1.0,1.0,1.0,nan,0.0,0.0,0.0,0.001,0.002,0.0,0.0,0.006006006006006006,0.002002002002002002
0.21132243354465577,265.939022064209,8825.0,19.0,147.0,1.0,1.0,1.0,1.0,1.0,1.0,1.0,nan,0.0,0.0,0.0,0.001,0.003,0.001001001001001001,0.0,0.01001001001001001,0.004004004004004004
0.11122233344455566,267.8806800842285,8864.0,10.0,117.0,1.0,1.0,1.0,1.0,1.0,1.0,1.0,nan,0.0,0.0,0.0,0.001,0.002,0.0,0.0,0.005005005005005005,0.002002002002002002
0.11122233344455566,277.47117042541504,8897.0,10.0,84.0,1.0,1.0,1.0,1.0,1.0,1.0,1.0,nan,0.0,0.0,0.0,0.001,0.001,0.001001001001001001,0.0,0.005005005005005005,0.002002002002002002
0.21132243354465577,270.54676246643066,8822.0,19.0,150.0,1.0,1.0,1.0,1.0,1.0,1.0,1.0,nan,0.0,0.0,0.0,0.001,0.002,0.001001001001001001,0.0,0.008008008008008008,0.007007007007007007
0.2669336002669336,261.7260856628418,8787.0,24.0,180.0,1.0,1.0,1.0,1.0,1.0,1.0,1.0,nan,0.0,0.0,0.0,0.001,0.003,0.001001001001001001,0.0,0.009009009009009009,0.01001001001001001
0.28917806695584475,257.911190032959,8759.0,26.0,206.0,1.0,1.0,1.0,1.0,1.0,1.0,1.0,nan,0.0,0.0,0.0,0.001,0.003,0.001001001001001001,0.0,0.01001001001001001,0.011011011011011011
0.17795573351128907,268.7399044036865,8839.0,16.0,136.0,1.0,1.0,1.0,1.0,1.0,1.0,1.0,nan,0.0,0.0,0.0,0.001,0.001,0.001001001001001001,0.0,0.005005005005005005,0.008008008008008008
0.1668335001668335,270.0710277557373,8835.0,15.0,141.0,1.0,1.0,1.0,1.0,1.0,1.0,1.0,nan,0.0,0.0,0.0,0.001,0.002,0.001001001001001001,0.0,0.005005005005005005,0.006006006006006006
0.255811366922478,257.44647789001465,8789.0,23.0,179.0,1.0,1.0,1.0,1.0,1.0,1.0,1.0,nan,0.0,0.001,0.0,0.001,0.003,0.001001001001001001,0.0,0.009009009009009009,0.008008008008008008
0.2669336002669336,262.359561920166,8791.0,24.0,176.0,1.0,1.0,1.0,1.0,1.0,1.0,1.0,nan,0.0,0.0,0.0,0.001,0.003,0.001001001001001001,0.0,0.01001001001001001,0.009009009009009009
0.37815593371148926,256.7700386047363,8689.0,34.0,268.0,1.0,1.0,1.0,1.0,1.0,1.0,1.0,nan,0.0,0.001,0.0,0.001,0.004,0.0,0.0,0.01001001001001001,0.018018018018018018
0.4004004004004004,252.81844329833984,8678.0,36.0,277.0,1.0,1.0,1.0,1.0,1.0,1.0,1.0,nan,0.0,0.001,0.0,0.001,0.003,0.001001001001001001,0.001002004008016032,0.011011011011011011,0.018018018018018018
0.2002002002002002,272.13322830200195,8832.0,18.0,141.0,1.0,1.0,1.0,1.0,1.0,1.0,1.0,nan,0.0,0.0,0.0,0.001,0.002,0.001001001001001001,0.0,0.006006006006006006,0.008008008008008008
0.2335669002335669,272.76736640930176,8802.0,21.0,168.0,1.0,1.0,1.0,1.0,1.0,1.0,1.0,nan,0.0,0.0,0.0,0.001,0.002,0.001001001001001001,0.0,0.007007007007007007,0.01001001001001001
0.22244466688911133,269.43939208984375,8819.0,20.0,152.0,1.0,1.0,1.0,1.0,1.0,1.0,1.0,nan,0.0,0.0,0.0,0.001,0.003,0.001001001001001001,0.0,0.008008008008008008,0.007007007007007007
0.3225447669892114,270.6702423095703,8751.0,29.0,211.0,1.0,1.0,1.0,1.0,1.0,1.0,1.0,nan,0.0,0.001,0.0,0.001,0.003,0.001001001001001001,0.0,0.01001001001001001,0.013013013013013013
0.333667000333667,262.61084175109863,8738.0,30.0,223.0,1.0,1.0,1.0,1.0,1.0,1.0,1.0,nan,0.0,0.0,0.0,0.001,0.003,0.001001001001001001,0.0,0.01001001001001001,0.015015015015015015
0.3003003003003003,268.343505859375,8743.0,27.0,221.0,1.0,1.0,1.0,1.0,1.0,1.0,1.0,nan,0.0,0.0,0.0,0.001,0.004,0.0,0.001002004008016032,0.01001001001001001,0.011011011011011011
